id,title
1,終末のコンフィデンスソング
2,HANABI
3,エソラ
4,声
5,少年
6,旅立ちの唄
7,口がすべって
8,水上バス
9,東京
10,ロックンロール
11,羊、吠える
12,風と星とメビウスの輪
13,GIFT
14,花の匂い
15,Eye of the Storm
16,Stand Out Fit In
17,Head High
18,Grow Old Die Young
19,Push Back
20,Wasted Nights
21,Change
22,Letting Go
23,Worst in Me
24,In the Stars (feat. Kiiara)
25,Giants
26,Can't Wait
27,The Last Time
28,Believe
29,私たち
30,会いたくて 会いたくて
31,if
32,Distance
33,glowly days
34,MAKE UP
35,遠くても feat.WISE
36,Dear…
37,たとえ どんなに…
38,Be Strong
39,Summer Girl feat.MINMI
40,Sweet Dreams
41,HAPPY HAPPY
42,Always
